Year,Temperature_Anomaly,Z_Score,Anomaly,Anomaly_Type,IQR_Anomaly,Detection
1880,-0.18,-0.6545207773149176,False,Normal,False,None
1881,-0.09,-0.42979114538604346,False,Normal,False,None
1882,-0.11,-0.4797310635924599,False,Normal,False,None
1883,-0.18,-0.6545207773149176,False,Normal,False,None
1884,-0.29,-0.9291903274502085,False,Normal,False,None
1885,-0.34,-1.0540401229662497,False,Normal,False,None
1886,-0.32,-1.0041002047598333,False,Normal,False,None
1887,-0.36,-1.1039800411726661,False,Normal,False,None
1888,-0.18,-0.6545207773149176,False,Normal,False,None
1889,-0.11,-0.4797310635924599,False,Normal,False,None
1890,-0.36,-1.1039800411726661,False,Normal,False,None
1891,-0.23,-0.7793705728309589,False,Normal,False,None
1892,-0.28,-0.9042203683470003,False,Normal,False,None
1893,-0.31,-0.979130245656625,False,Normal,False,None
1894,-0.31,-0.979130245656625,False,Normal,False,None
1895,-0.23,-0.7793705728309589,False,Normal,False,None
1896,-0.12,-0.5047010226956682,False,Normal,False,None
1897,-0.11,-0.4797310635924599,False,Normal,False,None
1898,-0.28,-0.9042203683470003,False,Normal,False,None
1899,-0.18,-0.6545207773149176,False,Normal,False,None
1900,-0.09,-0.42979114538604346,False,Normal,False,None
1901,-0.16,-0.6045808591085012,False,Normal,False,None
1902,-0.28,-0.9042203683470003,False,Normal,False,None
1903,-0.37,-1.1289500002758746,False,Normal,False,None
1904,-0.48,-1.4036195504111653,False,Normal,False,None
1905,-0.26,-0.8542804501405837,False,Normal,False,None
1906,-0.22,-0.7544006137277507,False,Normal,False,None
1907,-0.39,-1.178889918482291,False,Normal,False,None
1908,-0.43,-1.2787697548951242,False,Normal,False,None
1909,-0.49,-1.4285895095143735,False,Normal,False,None
1910,-0.44,-1.3037397139983324,False,Normal,False,None
1911,-0.45,-1.3287096731015406,False,Normal,False,None
1912,-0.37,-1.1289500002758746,False,Normal,False,None
1913,-0.35,-1.079010082069458,False,Normal,False,None
1914,-0.16,-0.6045808591085012,False,Normal,False,None
1915,-0.15,-0.5796109000052929,False,Normal,False,None
1916,-0.37,-1.1289500002758746,False,Normal,False,None
1917,-0.46,-1.353679632204749,False,Normal,False,None
1918,-0.3,-0.9541602865534167,False,Normal,False,None
1919,-0.28,-0.9042203683470003,False,Normal,False,None
1920,-0.28,-0.9042203683470003,False,Normal,False,None
1921,-0.19,-0.679490736418126,False,Normal,False,None
1922,-0.28,-0.9042203683470003,False,Normal,False,None
1923,-0.27,-0.879250409243792,False,Normal,False,None
1924,-0.27,-0.879250409243792,False,Normal,False,None
1925,-0.22,-0.7544006137277507,False,Normal,False,None
1926,-0.11,-0.4797310635924599,False,Normal,False,None
1927,-0.22,-0.7544006137277507,False,Normal,False,None
1928,-0.2,-0.7044606955213343,False,Normal,False,None
1929,-0.36,-1.1039800411726661,False,Normal,False,None
1930,-0.16,-0.6045808591085012,False,Normal,False,None
1931,-0.09,-0.42979114538604346,False,Normal,False,None
1932,-0.16,-0.6045808591085012,False,Normal,False,None
1933,-0.29,-0.9291903274502085,False,Normal,False,None
1934,-0.13,-0.5296709817988765,False,Normal,False,None
1935,-0.2,-0.7044606955213343,False,Normal,False,None
1936,-0.15,-0.5796109000052929,False,Normal,False,None
1937,-0.03,-0.27997139076679395,False,Normal,False,None
1938,0.0,-0.20506151345716916,False,Normal,False,None
1939,-0.02,-0.2550014316635857,False,Normal,False,None
1940,0.12,0.09457799578132983,False,Normal,False,None
1941,0.18,0.24439775040057934,False,Normal,False,None
1942,0.06,-0.05524175883791967,False,Normal,False,None
1943,0.09,0.019668118471705083,False,Normal,False,None
1944,0.2,0.2943376686069959,False,Normal,False,None
1945,0.09,0.019668118471705083,False,Normal,False,None
1946,-0.07,-0.37985122717962694,False,Normal,False,None
1947,-0.03,-0.27997139076679395,False,Normal,False,None
1948,-0.11,-0.4797310635924599,False,Normal,False,None
1949,-0.11,-0.4797310635924599,False,Normal,False,None
1950,-0.17,-0.6295508182117096,False,Normal,False,None
1951,-0.07,-0.37985122717962694,False,Normal,False,None
1952,0.01,-0.18009155435396093,False,Normal,False,None
1953,0.08,-0.005301840631503156,False,Normal,False,None
1954,-0.13,-0.5296709817988765,False,Normal,False,None
1955,-0.14,-0.5546409409020847,False,Normal,False,None
1956,-0.19,-0.679490736418126,False,Normal,False,None
1957,0.05,-0.08021171794112791,False,Normal,False,None
1958,0.06,-0.05524175883791967,False,Normal,False,None
1959,0.03,-0.13015163614754444,False,Normal,False,None
1960,-0.03,-0.27997139076679395,False,Normal,False,None
1961,0.06,-0.05524175883791967,False,Normal,False,None
1962,0.03,-0.13015163614754444,False,Normal,False,None
1963,0.05,-0.08021171794112791,False,Normal,False,None
1964,-0.2,-0.7044606955213343,False,Normal,False,None
1965,-0.11,-0.4797310635924599,False,Normal,False,None
1966,-0.06,-0.3548812680764187,False,Normal,False,None
1967,-0.02,-0.2550014316635857,False,Normal,False,None
1968,-0.08,-0.40482118628283525,False,Normal,False,None
1969,0.05,-0.08021171794112791,False,Normal,False,None
1970,0.03,-0.13015163614754444,False,Normal,False,None
1971,-0.08,-0.40482118628283525,False,Normal,False,None
1972,0.01,-0.18009155435396093,False,Normal,False,None
1973,0.16,0.19445783219416288,False,Normal,False,None
1974,-0.07,-0.37985122717962694,False,Normal,False,None
1975,-0.01,-0.23003147256037743,False,Normal,False,None
1976,-0.1,-0.4547611044892517,False,Normal,False,None
1977,0.18,0.24439775040057934,False,Normal,False,None
1978,0.07,-0.030271799734711394,False,Normal,False,None
1979,0.16,0.19445783219416288,False,Normal,False,None
1980,0.26,0.4441574232262454,False,Normal,False,None
1981,0.32,0.5939771778454949,False,Normal,False,None
1982,0.14,0.14451791398774638,False,Normal,False,None
1983,0.31,0.5690072187422867,False,Normal,False,None
1984,0.16,0.19445783219416288,False,Normal,False,None
1985,0.12,0.09457799578132983,False,Normal,False,None
1986,0.18,0.24439775040057934,False,Normal,False,None
1987,0.32,0.5939771778454949,False,Normal,False,None
1988,0.39,0.7687668915679526,False,Normal,False,None
1989,0.27,0.46912738232945367,False,Normal,False,None
1990,0.45,0.9185866461872022,False,Normal,False,None
1991,0.41,0.818706809774369,False,Normal,False,None
1992,0.22,0.34427758681341236,False,Normal,False,None
1993,0.23,0.3692475459166206,False,Normal,False,None
1994,0.32,0.5939771778454949,False,Normal,False,None
1995,0.45,0.9185866461872022,False,Normal,False,None
1996,0.33,0.6189471369487032,False,Normal,False,None
1997,0.47,0.9685265643936186,False,Normal,False,None
1998,0.61,1.3181059918385343,False,Normal,False,None
1999,0.38,0.7437969324647444,False,Normal,False,None
2000,0.39,0.7687668915679526,False,Normal,False,None
2001,0.53,1.1183463190128682,False,Normal,False,None
2002,0.63,1.3680459100449507,False,Normal,False,None
2003,0.62,1.3430759509417425,False,Normal,False,None
2004,0.53,1.1183463190128682,False,Normal,False,None
2005,0.68,1.4928957055609922,False,Normal,False,None
2006,0.64,1.393015869148159,False,Normal,False,None
2007,0.67,1.4679257464577837,False,Normal,False,None
2008,0.54,1.1433162781160766,False,Normal,False,None
2009,0.66,1.4429557873545755,False,Normal,False,None
2010,0.73,1.6177455010770332,False,Normal,False,None
2011,0.61,1.3181059918385343,False,Normal,False,None
2012,0.65,1.4179858282513673,False,Normal,False,None
2013,0.68,1.4928957055609922,False,Normal,False,None
2014,0.75,1.6676854192834498,False,Normal,False,None
2015,0.9,2.0422348058315736,True,Hot Anomaly,False,Z-Score Only
2016,1.01,2.3169043559668645,True,Hot Anomaly,False,Z-Score Only
2017,0.92,2.09217472403799,True,Hot Anomaly,False,Z-Score Only
2018,0.85,1.917385010315532,False,Normal,False,None
2019,0.98,2.2419944786572397,True,Hot Anomaly,False,Z-Score Only
2020,1.01,2.3169043559668645,True,Hot Anomaly,False,Z-Score Only
2021,0.85,1.917385010315532,False,Normal,False,None
2022,0.89,2.017264846728365,True,Hot Anomaly,False,Z-Score Only
2023,1.17,2.7164237016181962,True,Hot Anomaly,True,Both
2024,1.28,2.9910932517534867,True,Hot Anomaly,True,Both
2025,1.19,2.766363619824613,True,Hot Anomaly,True,Both
